Organisation	Peering Contact	Switch	AS number	LAN	ISP (v4)	ISP (v6)	Multicast	MDX	Peers with route server	Location	Connection
"1&1 Internet AG"	"peering@1und1.de"	"pxc-nik-108"	"8560"	"ISP"	"195.69.144.220"	"2001:7f8:1::a500:8560:1"	""	""	no	"NIKHEF"	"10000baseLR"	
"@Inet Technology Consultancy BV"	"peering@atinet.nl"	"edge-glo-007"	"34215"	"ISP"	"195.69.145.40"	""	""	""	no	"Global Switch"	"100baseTX"	
"Abovenet Communications"	"peering@above.net"	"pxc-nik-104"	"6461"	"ISP"	"195.69.144.122"	""	""	""	no	"NIKHEF"	"10000baseLR"	
"Afilias Canada, Corp."	"jabley@ca.afilias.info"	"edge-glo-007"	"12041"	"ISP"	"195.69.144.190"	""	""	""	no	"Global Switch"	"100baseTX"	
"Afilias Canada, Corp."	"jabley@ca.afilias.info"	"edge-glo-007"	"12041"	"ISP"	"195.69.145.190"	""	""	""	no	"Global Switch"	"100baseTX"	
"Aicent Inc"	"noc@aicent.com"	"withheld"	"private"	"GRX"	""	""	""	""	no	"NIKHEF"	"100baseTX"	
"Aicent Inc"	"noc@aicent.com"	"withheld"	"private"	"GRX"	""	""	""	""	no	"TeleCity 2"	"100baseTX"	
"Akamai International B.V."	"peering@akamai.com"	"pxc-glo-107"	"20940"	"ISP"	"195.69.145.208"	""	""	""	yes	"Global Switch"	"20000baseLR"	
"Akamai International B.V."	"peering@akamai.com"	"pxc-nik-103"	"20940"	"ISP"	"195.69.145.208"	""	""	""	yes	"NIKHEF"	"10000baseLR"	
"Akamai International B.V."	"peering@akamai.com"	"pxc-nik-116"	"20940"	"ISP"	"195.69.144.168"	""	""	""	yes	"NIKHEF"	"40000baseLR"	
"AKTON d.o.o."	"peering@akton.net"	"withheld"	"private"	"GRX"	""	""	""	""	no	"NIKHEF"	"100baseTX"	
"Alta Tecnologia en Comunicaciones, S.L."	"peering@altecom.net"	"edge-sar-001"	"16030"	"ISP"	"195.69.144.41"	"2001:7f8:1::a501:6030:1"	""	""	yes	"SARA"	"10baseT"	
"Amsterdam Internet Exchange (route-server: radix-new)"	"peering@ams-ix.net"	"edge-eqx-009"	"1200"	"ISP"	"195.69.145.254"	"2001:7f8:1::a500:6777:4"	""	""	no	"Equinix"	"100baseTX"	
"Amsterdam Internet Exchange (rtr-eun-03)"	"peering@ams-ix.net"	"withheld"	"private"	"GRX"	""	""	""	""	no	"euNetworks"	"100baseTX"	
"Amsterdam Internet Exchange (rtr-eun-01)"	"peering@ams-ix.net"	"edge-eun-008"	"1200"	"ISP, MC"	"195.69.144.1"	"2001:7f8:1::a500:1200:1"	"195.69.146.1"	""	yes	"euNetworks"	"1000baseTX"	
"Amsterdam Internet Exchange (route-server: prefix)"	"peering@ams-ix.net"	"edge-glo-007"	"6777"	"ISP"	"195.69.144.255"	"2001:7f8:1::a500:6777:1"	""	""	no	"Global Switch"	"100baseTX"	
"Amsterdam Internet Exchange (rtr-glo-02)"	"peering@ams-ix.net"	"edge-glo-007"	"1200"	"ISP, GRX, MC"	"195.69.145.1"	"2001:7f8:1::a500:1200:2"	"195.69.146.2"	""	yes	"Global Switch"	"100baseTX"	
"Amsterdam Internet Exchange (route-server: radix)"	"peering@ams-ix.net"	"edge-sar-002"	"6777"	"ISP"	"195.69.145.0"	"2001:7f8:1::a500:6777:2"	""	""	no	"SARA"	"100baseTX"	
"Anders Business Group Ltd."	"noc@anders.ru"	"edge-tel-006"	"39792"	"ISP"	"195.69.144.119"	"2001:7f8:1::a503:9792:1"	""	""	yes	"TeleCity 2"	"1000baseLX"	
"ANO Russian Institute for Public Networks (RIPN)"	"noc@relarn.ru"	"edge-nik-004"	"5568"	"ISP"	"195.69.145.212"	"2001:7f8:1::a500:5568:1"	""	""	yes	"NIKHEF"	"1000baseSX"	
"Antel Germany GmbH"	"peering@gtsce.com"	"pxc-tel-110"	"5588"	"ISP"	"195.69.145.185"	""	""	""	yes	"TeleCity 2"	"10000baseLR"	
"Apcare Online Services"	"peering@calyx.nl"	"edge-sar-001"	"20481"	"ISP"	"195.69.144.185"	""	""	""	no	"SARA"	"1000baseSX"	
"Arcor AG & Co"	"peering@adm.arcor.net"	"pxc-nik-103"	"3209"	"ISP"	"195.69.145.123"	""	""	""	no	"NIKHEF"	"10000baseLR"	
"Arcor AG & Co"	"peering@adm.arcor.net"	"pxc-nik-112"	"3209"	""	""	""	""	""	no	"NIKHEF"	"10000baseLR"	
"Arcor AG & Co"	"peering@adm.arcor.net"	"pxc-sar-101"	"3209"	"ISP"	"195.69.144.123"	""	""	""	no	"SARA"	"10000baseER"	
"ASGCNet (Academia Sinica Grid Computing Network, Taiwan) (ASNet)"	"peering@asgc.net"	"edge-sar-001"	"24167"	"ISP"	"195.69.144.184"	""	""	""	no	"SARA"	"1000baseLX"	
"AT&T Global Network Services"	"peering@attglobal.net"	"pxc-glo-107"	"2686"	"ISP"	"195.69.144.194"	""	""	""	no	"Global Switch"	"10000baseLR"	
"AT&T Global Network Services"	"peering@attglobal.net"	"pxc-nik-108"	"2686"	"ISP"	"195.69.144.37"	""	""	""	no	"NIKHEF"	"10000baseLR"	
"ATM S.A."	"noc@atm.com.pl"	"edge-tel-005"	"24724"	"ISP"	"195.69.145.146"	""	""	""	yes	"TeleCity 2"	"1000baseLX"	
"ATM S.A."	"noc@atm.com.pl"	"edge-tel-005"	"24724"	"ISP"	"195.69.145.147"	""	""	""	yes	"TeleCity 2"	"1000baseLX"	
"B3G Telecom"	"peering@b3g-telecom.com"	"edge-tel-005"	"29204"	"ISP"	"195.69.145.158"	""	""	""	no	"TeleCity 2"	"100baseTX"	
"BBC Internet Services"	"peering@bbc.co.uk"	"edge-tel-006"	"2818"	"ISP"	"195.69.144.169"	""	""	""	no	"TeleCity 2"	"1000baseLX"	
"BBned"	"peering@bbned.nl"	"pxc-glo-109"	"15670"	"ISP"	"195.69.144.157"	""	""	""	no	"Global Switch"	"10000baseLR"	
"Belgacom International Carrier Services SA"	"peering@belgacom-ics.com"	"withheld"	"private"	"GRX"	""	""	""	""	no	"NIKHEF"	"100baseTX"	
"Belgacom International Carrier Services SA"	"peering@belgacom-ics.com"	"withheld"	"private"	"GRX"	""	""	""	""	no	"SARA"	"100baseTX"	
"Belgacom International Carrier Services SA"	"peering@belgacom-ics.com"	"pxc-nik-103"	"6774"	"ISP"	"195.69.144.87"	"2001:7f8:1::a500:6774:1"	""	""	no	"NIKHEF"	"10000baseER"	
"Belgian Network Solutions"	"peering@benesol.be"	"edge-tel-005"	"8368"	"ISP"	"195.69.145.97"	"2001:7f8:1::a500:8368:1"	""	""	yes	"TeleCity 2"	"1000baseSX"	
"BELNET"	"peering@belnet.be"	"edge-sar-002"	"2611"	"ISP"	"195.69.145.116"	"2001:7f8:1::a500:2611:1"	""	""	no	"SARA"	"1000baseLX"	
"BELNET"	"peering@belnet.be"	"edge-tel-005"	"2611"	"ISP"	"195.69.145.116"	"2001:7f8:1::a500:2611:1"	""	""	no	"TeleCity 2"	"1000baseSX"	
"BELNET"	"peering@belnet.be"	"pxc-tel-119"	"2611"	"ISP"	"195.69.144.43"	""	""	""	no	"TeleCity 2"	"10000baseLR"	
"BIT"	"peering@bit.nl"	"pxc-sar-111"	"12859"	"ISP"	"195.69.144.35"	"2001:7f8:1::a501:2859:1"	""	""	yes	"SARA"	"10000baseLR"	
"BIT"	"peering@bit.nl"	"pxc-tel-110"	"12859"	"ISP, MC"	"195.69.144.200"	"2001:7f8:1::a501:2859:2"	"195.69.146.20"	""	yes	"TeleCity 2"	"10000baseLR"	
"Bouygues Telecom"	"peering@clubint.net"	"pxc-sar-102"	"5410"	"ISP"	"195.69.144.65"	""	""	""	no	"SARA"	"10000baseER"	
"BSO Communication"	"peering@bsocom.net"	"edge-tel-005"	"31216"	"ISP"	"195.69.145.124"	""	""	""	no	"TeleCity 2"	"1000baseSX"	
"BT (IPv6)"	""	"edge-nik-004"	"5400"	"ISP"	""	"2001:7f8:1::a500:5400:1"	""	""	no	"NIKHEF"	"1000baseLX"	
"BT"	""	"edge-nik-004"	"5400"	"ISP"	"195.69.144.108"	""	""	""	no	"NIKHEF"	"4000baseSX"	
"BT"	""	"pxc-nik-116"	"5400"	"ISP"	"195.69.144.108"	""	""	""	no	"NIKHEF"	"10000baseLR"	
"Cable & Wireless Netherlands B.V."	"peering-request@cw.net"	"pxc-nik-104"	"1273"	"ISP"	"195.69.145.144"	"2001:7f8:1::a500:1273:1"	""	""	no	"NIKHEF"	"10000baseLR"	
"Cable & Wireless UK"	"3grx@cwmsg.cwplc.com"	"withheld"	"private"	"GRX"	""	""	""	""	no	"NIKHEF"	"100baseTX"	
"Cable & Wireless UK"	"3grx@cwmsg.cwplc.com"	"withheld"	"private"	"GRX"	""	""	""	""	no	"TeleCity 2"	"100baseTX"	
"CAIW Netwerken BV"	"peering@caiw.nl"	"edge-nik-003"	"15435"	""	""	""	""	""	no	"NIKHEF"	"100baseTX"	
"CAIW Netwerken BV (SIP)"	"peering@caiw.nl"	"edge-nik-003"	"15435"	""	""	""	""	""	no	"NIKHEF"	"100baseTX"	
"CAIW Netwerken BV (SIP)"	"peering@caiw.nl"	"edge-nik-004"	"15435"	""	""	""	""	""	no	"NIKHEF"	"100baseTX"	
"CAIW Netwerken BV (SIP)"	"peering@caiw.nl"	"edge-sar-002"	"15435"	""	""	""	""	""	no	"SARA"	"100baseTX"	
"CAIW Netwerken BV (SIP)"	"peering@caiw.nl"	"edge-tel-005"	"15435"	"ISP"	""	""	""	""	no	"TeleCity 2"	"100baseTX"	
"CAIW Netwerken BV"	"peering@caiw.nl"	"pxc-sar-111"	"15435"	"ISP"	"195.69.144.149"	""	""	""	no	"SARA"	"10000baseLR"	
"CAIW Netwerken BV"	"peering@caiw.nl"	"pxc-tel-110"	"15435"	"ISP"	"195.69.145.173"	""	""	""	no	"TeleCity 2"	"10000baseLR"	
"Cambrium Internet BV"	"amsix-peering@cambrium.nl"	"pxc-nik-103"	"25596"	"ISP"	"195.69.145.169"	"2001:7f8:1::a502:5596:2"	""	""	yes	"NIKHEF"	"20000baseER"	
"Cambrium Internet BV"	"amsix-peering@cambrium.nl"	"pxc-sar-111"	"25596"	"ISP"	"195.69.144.159"	"2001:7f8:1::a502:5596:1"	""	""	yes	"SARA"	"10000baseLR"	
"Carpediem (Pret en Print BV) (1610nm)"	"tech@securitetotale.com"	"edge-glo-007"	"16080"	"ISP"	"195.69.144.151"	""	""	""	yes	"Global Switch"	"1000baseLHA"	
"Caveo Internet B.V."	"peering@caveo.nl"	"edge-tel-005"	"24642"	"ISP"	"195.69.144.248"	"2001:7f8:1::a502:4642:1"	""	""	yes	"TeleCity 2"	"1000baseSX"	
"CDNetworks, Co. Ltd."	"peering@cdnetworks.com"	"pxc-glo-109"	"43303"	"ISP"	"195.69.144.191"	""	""	""	no	"Global Switch"	"10000baseLR"	
"CESNET, z.s.p.o."	"peering@cesnet.cz"	"edge-sar-001"	"2852"	"ISP"	"195.69.145.106"	""	""	""	no	"SARA"	"1000baseLX"	
"Chunghwa Telecom Co. Ltd"	"peering@twgate.net"	"edge-sar-001"	"9505"	"ISP"	"195.69.145.78"	"2001:7f8:1::a500:9505:1"	""	""	no	"SARA"	"100baseTX"	
"CITIC Telecom 1616"	"info@citic1616.com"	"withheld"	"private"	"GRX"	""	""	""	""	no	"Global Switch"	"10baseT"	
"Claranet Benelux"	"peering@claranet.nl"	"edge-nik-003"	"8426"	"ISP"	"195.69.145.228"	""	""	""	yes	"NIKHEF"	"1000baseSX"	
"Claranet Benelux"	"peering@claranet.nl"	"edge-sar-002"	"8426"	"ISP"	"195.69.144.82"	""	""	""	yes	"SARA"	"1000baseSX"	
"Cogent Communications Netherlands B.V."	"peering@cogentco.com"	"pxc-tel-105"	"174"	"ISP"	"195.69.144.124"	""	""	""	no	"TeleCity 2"	"20000baseLR"	
"Colt Telecom Group"	"peering@colt.net"	"pxc-glo-109"	"8220"	"ISP"	"195.69.144.52"	"2001:7f8:1::a500:8220:2"	""	""	no	"Global Switch"	"10000baseLR"	
"Colt Telecom Group"	"peering@colt.net"	"pxc-nik-116"	"8220"	"ISP"	"195.69.144.236"	"2001:7f8:1::a500:8220:1"	""	""	no	"NIKHEF"	"10000baseLR"	
"Com-Ned Netwerken Bv"	"peerings@comned.com"	"edge-tel-005"	"29640"	"ISP"	"195.69.144.246"	"2001:7f8:1::a502:9640:1"	""	""	yes	"TeleCity 2"	"1000baseSX"	
"Comfone AG"	"grxpeering@comfone.com"	"withheld"	"private"	"GRX"	""	""	""	""	no	"SARA"	"10baseT"	
"Comfone AG"	"grxpeering@comfone.com"	"withheld"	"private"	"GRX"	""	""	""	""	no	"TeleCity 2"	"100baseTX"	
"Computel Standby BV"	"peering@nederland.net"	"edge-sar-001"	"31383"	"ISP"	"195.69.145.35"	"2001:7f8:1::a503:1383:1"	""	""	yes	"SARA"	"100baseTX"	
"COMSTAR-Direct CJSC"	"ipnoc@mtu.ru"	"pxc-tel-106"	"8359"	"ISP"	"195.69.145.188"	"2001:7f8:1::a500:8359:1"	""	""	yes	"TeleCity 2"	"10000baseLR"	
"ComX Networks"	"peering@comx.dk"	"edge-sar-001"	"31661"	"ISP"	"195.69.145.87"	""	""	""	yes	"SARA"	"1000baseSX"	
"Concepts ICT Holding B.V."	"noc@concepts.nl"	"edge-glo-007"	"12871"	"ISP"	"195.69.144.32"	"2001:7f8:1::a501:2871:2"	""	""	yes	"Global Switch"	"1000baseSX"	
"Concepts ICT Holding B.V."	"noc@concepts.nl"	"edge-nik-003"	"12871"	"ISP"	"195.69.144.64"	"2001:7f8:1::a501:2871:1"	""	""	yes	"NIKHEF"	"1000baseLX"	
"Concepts ICT Holding B.V."	"noc@concepts.nl"	"edge-nik-004"	"12871"	"ISP"	"195.69.144.64"	"2001:7f8:1::a501:2871:1"	""	""	yes	"NIKHEF"	"2000baseSX"	
"Coolwave Communications BV"	"peering@carrier1.com"	"edge-nik-003"	"8918"	"ISP"	"195.69.144.58"	""	""	""	no	"NIKHEF"	"1000baseSX"	
"Cubic Circle B.V."	"hostmaster@cuci.nl"	"edge-sar-001"	"5419"	"ISP"	"195.69.144.135"	""	""	""	no	"SARA"	"100baseTX"	
"Cyso Managed Hosting"	"noc@cysonet.com"	"edge-glo-007"	"25151"	"ISP"	"195.69.145.155"	""	""	""	no	"Global Switch"	"1000baseSX"	
"Dailymotion"	"peering@dailymotion.com"	"edge-eun-008"	"41690"	"ISP"	"195.69.144.164"	""	""	""	no	"euNetworks"	"2000baseLX"	
"Datahop Ltd"	"peering@datahop.net"	"edge-nik-003"	"6908"	"ISP"	"195.69.145.145"	"2001:7f8:1::a500:6908:1"	""	""	no	"NIKHEF"	"1000baseSX"	
"DENIC eG"	"peering@denic.de"	"edge-eun-008"	"31529"	"ISP"	"195.69.145.160"	"2001:7f8:1::a503:1529:1"	""	""	yes	"euNetworks"	"100baseTX"	
"Denit Internet Services"	"peering@denit.nl"	"edge-glo-007"	"25542"	"ISP"	"195.69.145.64"	""	""	""	yes	"Global Switch"	"1000baseSX"	
"Deutsche Telekom AG"	"peering@usa.telekom.de"	"edge-nik-003"	"3320"	"ISP"	"195.69.145.211"	""	""	""	no	"NIKHEF"	"2000baseSX"	
"Dial Telecom a.s."	"peering@dialtelecom.cz"	"edge-sar-001"	"29208"	"ISP"	"195.69.144.172"	"2001:7f8:1::a502:9208:1"	""	""	yes	"SARA"	"1000baseLX"	
"DoclerWeb Kft."	"peering@docler.net"	"pxc-tel-110"	"34655"	"ISP"	"195.69.144.150"	""	""	""	no	"TeleCity 2"	"10000baseLR"	
"DSD automatisering b.v."	"peering@dsdeurne.nl"	"edge-glo-007"	"29462"	"ISP"	"195.69.145.77"	""	""	""	no	"Global Switch"	"1000baseLX"	
"Duocast"	"peering@duocast.nl"	"edge-glo-007"	"31477"	"ISP"	"195.69.145.98"	""	""	""	yes	"Global Switch"	"1000baseSX"	
"E4A s.r.l."	"peering@e4a.it"	"edge-eun-008"	"34695"	"ISP"	"195.69.144.74"	""	""	""	yes	"euNetworks"	"100baseTX"	
"Easyhosting BV"	"peering@easyhosting.nl"	"edge-nik-004"	"39556"	"ISP"	"195.69.145.195"	"2001:7f8:1::a503:9556:1"	""	""	yes	"NIKHEF"	"1000baseSX"	
"Easynet Limited"	"peering@easynet.net"	"edge-nik-003"	"4589"	"ISP"	"195.69.144.137"	"2001:7f8:1::a500:4589:2"	""	""	no	"NIKHEF"	"2000baseSX"	
"Easynet Limited"	"peering@easynet.net"	"pxc-sar-101"	"4589"	"ISP"	"195.69.144.137"	"2001:7f8:1::a500:4589:2"	""	""	no	"SARA"	"10000baseER"	
"Easynet Limited"	"peering@easynet.net"	"pxc-sar-102"	"4589"	"ISP"	"195.69.144.38"	"2001:7f8:1::a500:4589:1"	""	""	no	"SARA"	"10000baseLR"	
"eatserver.nl"	"peering@eatserver.nl"	"edge-nik-003"	"42949"	"ISP"	"195.69.144.231"	""	""	""	no	"NIKHEF"	"1000baseLX"	
"Ecatel Limited"	"noc@ecatel.net"	"edge-nik-004"	"29073"	"ISP"	"195.69.145.224"	"2001:7f8:1::a502:9073:1"	""	""	yes	"NIKHEF"	"1000baseLX"	
"Edutel B.V."	"peering@edutel.nl"	"pxc-nik-104"	"39309"	"ISP"	"195.69.145.65"	"2001:7f8:1::a503:9309:1"	""	""	yes	"NIKHEF"	"10000baseLR"	
"Eircom"	"peering@eircom.net"	"edge-sar-002"	"5466"	"ISP"	"195.69.144.160"	""	""	""	no	"SARA"	"1000baseLX"	
"Eircom"	"peering@eircom.net"	"edge-sar-002"	"5466"	""	""	""	""	""	no	"SARA"	"1000baseLX"	
"Elion"	"peering@elion.ee"	"pxc-tel-106"	"3249"	"ISP"	"195.69.145.181"	""	""	""	no	"TeleCity 2"	"10000baseER"	
"Emirates Telecommunications (EMIX)"	"noc@emix.net.ae"	"withheld"	"private"	"GRX"	""	""	""	""	no	"SARA"	"10baseT"	
"Emirates Telecommunications (EMIX)"	"noc@emix.net.ae"	"edge-sar-001"	"8966"	"ISP"	"195.69.145.89"	""	""	""	no	"SARA"	"2000baseSX"	
"Emirates Telecommunications (EMIX)"	"noc@emix.net.ae"	"withheld"	"private"	"GRX"	""	""	""	""	no	"SARA"	"100baseTX"	
"Emirates Telecommunications (EMIX)"	"noc@emix.net.ae"	"pxc-sar-101"	"8966"	"ISP"	"195.69.145.89"	""	""	""	no	"SARA"	"10000baseLR"	
"Entanet International"	"peering@enta.net"	"pxc-sar-114"	"8468"	"ISP"	"195.69.145.82"	""	""	""	yes	"SARA"	"10000baseLR"	
"EPT Luxembourg"	"carlo.richartz@ept.lu"	"pxc-tel-110"	"6661"	"ISP"	"195.69.144.60"	""	""	""	no	"TeleCity 2"	"10000baseLR"	
"EUnet Finland (Saunalahti Group Oyj)"	"peering@eunetip.net"	"pxc-nik-108"	"6667"	"ISP"	"195.69.144.127"	"2001:7f8:1::a500:6667:1"	""	""	no	"NIKHEF"	"10000baseLR"	
"EuroAccess Enterprises Ltd."	"peering@euroaccess.nl"	"pxc-sar-102"	"34305"	"ISP"	"195.69.145.174"	"2001:7f8:1::a503:4305:1"	""	""	yes	"SARA"	"10000baseLR"	
"EuroTransit GmbH"	"peering@nmc.euro-transit.net"	"edge-sar-002"	"33926"	"ISP"	"195.69.145.103"	""	""	""	yes	"SARA"	"2000baseSX"	
"Eurotranstelecom"	"peering@ett.ua"	"edge-tel-006"	"35320"	"ISP"	"195.69.145.183"	""	""	""	no	"TeleCity 2"	"1000baseLX"	
"EWE TEL GmbH"	"peerings@ewetel.de"	"pxc-nik-112"	"9145"	"ISP"	"195.69.144.42"	""	""	""	no	"NIKHEF"	"10000baseLR"	
"Exa Networks"	"peering@exa-networks.co.uk"	"edge-tel-005"	"30740"	"ISP"	"195.69.145.182"	""	""	""	no	"TeleCity 2"	"100baseTX"	
"Facebook, Inc"	"danw@facebook.com"	"pxc-tel-115"	"32934"	"ISP"	"195.69.145.115"	""	""	""	no	"TeleCity 2"	"10000baseLR"	
"FastHost AS"	"peering@fasthost.no"	"edge-tel-005"	"31283"	"ISP"	"195.69.145.88"	"2001:7f8:1::a503:1283:1"	""	""	yes	"TeleCity 2"	"1000baseLX"	
"Finecom Telecommunications AG"	"peering@finecom.ch"	"edge-tel-005"	"15600"	"ISP"	"195.69.144.128"	"2001:7f8:1::a501:5600:1"	""	""	no	"TeleCity 2"	"1000baseLX"	
"FLAG Telecom Nederland B.V."	"peering@flagtelecom.com"	"edge-sar-002"	"15412"	"ISP"	"195.69.144.72"	"2001:7f8:1::a501:5412:1"	""	""	no	"SARA"	"3000baseSX"	
"France Telecom (Open Transit)"	"peering5511@opentransit.net"	"withheld"	"private"	"GRX"	""	""	""	""	no	"NIKHEF"	"100baseTX"	
"France Telecom (Open Transit)"	"peering5511@opentransit.net"	"withheld"	"private"	"GRX"	""	""	""	""	no	"SARA"	"100baseTX"	
"France Telecom (Open Transit)"	"peering5511@opentransit.net"	"edge-sar-001"	"5511"	"ISP"	"195.69.144.59"	""	""	""	no	"SARA"	"1000baseSX"	
"Free SAS"	"peering@proxad.net"	"pxc-tel-105"	"12322"	"ISP"	"195.69.144.251"	"2001:7f8:1::a501:2322:1"	""	""	no	"TeleCity 2"	"30000baseLR"	
"freenet Cityline GmbH"	"peering@mcbone.net"	"pxc-nik-112"	"5430"	"ISP"	"195.69.145.177"	"2001:7f8:1::a500:5430:2"	""	""	no	"NIKHEF"	"10000baseLR"	
"freenet Cityline GmbH"	"peering@mcbone.net"	"pxc-tel-106"	"5430"	"ISP"	"195.69.144.136"	"2001:7f8:1::a500:5430:1"	""	""	yes	"TeleCity 2"	"10000baseLR"	
"Frontier Online"	"peering@frontier.fr"	"edge-sar-002"	"13049"	"ISP"	"195.69.145.50"	""	""	""	no	"SARA"	"10baseT"	
"GamePoint"	"peering@gamepoint.net"	"edge-nik-003"	"12945"	"ISP"	"195.69.144.125"	""	""	""	no	"NIKHEF"	"100baseTX"	
"Garnier Projects B.V."	"peerings@netholding.nl"	"pxc-glo-107"	"24730"	"ISP"	"195.69.144.79"	""	""	""	no	"Global Switch"	"10000baseLR"	
"Gemeente Den Haag"	"peering@haagnet.net"	"edge-nik-003"	"29263"	"ISP"	"195.69.144.129"	""	""	""	yes	"NIKHEF"	"1000baseSX"	
"Gemeente Den Haag"	"peering@haagnet.net"	"edge-sar-002"	"29263"	"ISP"	"195.69.145.172"	""	""	""	yes	"SARA"	"1000baseLX"	
"Giganews, Inc."	"ippeering@giganews.com"	"pxc-nik-103"	"30094"	"ISP"	"195.69.144.193"	""	""	""	yes	"NIKHEF"	"40000baseLR"	
"Giganews, Inc."	"ippeering@giganews.com"	"pxc-sar-101"	"30094"	"ISP"	"195.69.145.141"	""	""	""	yes	"SARA"	"40000baseLR"	
"Global Crossing"	"peering@gblx.net"	"edge-sar-001"	"3549"	"ISP"	"195.69.144.80"	""	""	""	no	"SARA"	"1000baseSX"	
"Globalaxs Communications"	"peering@gbxs.net"	"pxc-tel-105"	"9009"	"ISP"	"195.69.144.63"	"2001:7f8:1::a500:9009:1"	""	""	no	"TeleCity 2"	"10000baseLR"	
"GlobalNet JSC"	"noc@gblnet.ru"	"edge-nik-004"	"31500"	"ISP"	"195.69.145.157"	""	""	""	yes	"NIKHEF"	"1000baseLX"	
"Golden Telecom"	"peering@gldn.net"	"pxc-nik-112"	"3216"	"ISP"	"195.69.145.153"	""	""	""	no	"NIKHEF"	"10000baseLR"	
"Google (IPv6)"	"peering@google.com"	"edge-sar-002"	"15169"	"ISP"	""	""	""	""	no	"SARA"	"1000baseLX"	
"Google"	"peering@google.com"	"pxc-sar-101"	"15169"	"ISP"	"195.69.145.100"	"2001:7f8:1::a501:5169:1"	""	""	yes	"SARA"	"30000baseLR"	
"Google"	"peering@google.com"	"pxc-tel-105"	"15169"	"ISP"	"195.69.144.247"	""	""	""	yes	"TeleCity 2"	"30000baseLR"	
"Goscomb Technologies Ltd"	"peering@goscomb.net"	"edge-nik-003"	"39326"	"ISP"	"195.69.145.107"	"2001:7f8:1::a503:9326:1"	""	""	yes	"NIKHEF"	"1000baseSX"	
"GrafiX Internet B.V."	"peering@grafix.nl"	"edge-tel-005"	"16131"	"ISP"	"195.69.144.239"	"2001:7f8:1::a501:6131:1"	""	""	no	"TeleCity 2"	"2000baseSX"	
"Green ISP B.V."	"peering@tiscali.nl"	"pxc-nik-112"	"5615"	"ISP"	"195.69.144.115"	"2001:7f8:1::a500:5615:1"	""	""	no	"NIKHEF"	"20000baseLR"	
"Green ISP B.V."	"peering@tiscali.nl"	"pxc-tel-106"	"5615"	"ISP"	"195.69.144.78"	"2001:7f8:1::a500:5615:2"	""	""	no	"TeleCity 2"	"20000baseLR"	
"Green.ch AG"	"peering@green.ch"	"edge-sar-001"	"1836"	"ISP"	"195.69.144.192"	"2001:7f8:1::a500:1836:1"	""	""	no	"SARA"	"1000baseSX"	
"Griffin Internet"	"peering@griffin.com"	"edge-nik-004"	"20500"	"ISP"	"195.69.144.61"	""	""	""	yes	"NIKHEF"	"1000baseLX"	
"Gyron Internet Ltd"	"peering@gyron.net"	"edge-sar-002"	"29017"	"ISP"	"195.69.145.84"	""	""	""	yes	"SARA"	"100baseTX"	
"ha-vel internet s.r.o."	"servis@ha-vel.cz"	"edge-nik-003"	"15935"	"ISP"	"195.69.145.163"	""	""	""	yes	"NIKHEF"	"1000baseLX"	
"HeLi NET Telekommunikation GmbH & Co. KG"	"peering@helinet.de"	"edge-tel-005"	"12355"	"ISP"	"195.69.144.76"	""	""	""	yes	"TeleCity 2"	"1000baseLX"	
"HeLi NET Telekommunikation GmbH & Co. KG"	"peering@helinet.de"	"edge-tel-006"	"12355"	"ISP"	""	"2001:7f8:1::a501:2355:2"	""	""	no	"TeleCity 2"	"1000baseLX"	
"Highwinds Network Group, Inc."	"peering@hwng.net"	"pxc-nik-108"	"12989"	"ISP"	"195.69.144.94"	"2001:7f8:1::a501:2989:1"	""	""	yes	"NIKHEF"	"80000baseZRD"	
"HL komm Telekommunikations GmbH"	"peering@hlkomm.de"	"pxc-sar-111"	"16097"	"ISP"	"195.69.145.114"	""	""	""	yes	"SARA"	"10000baseLR"	
"Hurricane Electric"	"peering@he.net"	"pxc-nik-103"	"6939"	"ISP"	"195.69.145.150"	"2001:7f8:1::a500:6939:1"	""	""	no	"NIKHEF"	"10000baseER"	
"Hyves / Startphone Limited"	"peering@hyves.nl"	"pxc-nik-116"	"47344"	"ISP"	"195.69.144.101"	""	""	""	no	"NIKHEF"	"10000baseLR"	
"IC&S"	"peering@ic-s.nl"	"edge-glo-007"	"28836"	"ISP"	"195.69.144.238"	""	""	""	no	"Global Switch"	"1000baseSX"	
"Iceland Telecom"	"peering@simnet.is"	"edge-sar-002"	"6677"	"ISP"	"195.69.145.113"	""	""	""	yes	"SARA"	"1000baseSX"	
"IDnet (IDnet)"	"peering@idnet.net.uk"	"edge-sar-001"	"12496"	"ISP"	"195.69.144.141"	""	""	""	no	"SARA"	"100baseTX"	
"Ikoula"	"peering@ikoula.com"	"edge-tel-005"	"21409"	"ISP"	"195.69.145.184"	""	""	""	yes	"TeleCity 2"	"100baseTX"	
"iLink"	"peering@ilink.ro"	"edge-sar-001"	"30890"	"ISP"	"195.69.144.54"	"2001:7f8:1::a503:890:1"	""	""	no	"SARA"	"2000baseLX"	
"in2ip"	"peering@in2ip.nl"	"edge-nik-004"	"34141"	"ISP"	"195.69.145.136"	""	""	""	yes	"NIKHEF"	"1000baseSX"	
"INET-People Provider Services"	"peering@as25074.net"	"edge-tel-005"	"25074"	"ISP"	"195.69.144.155"	""	""	""	yes	"TeleCity 2"	"1000baseLX"	
"Info.nl"	"infopeering@info.nl"	"edge-sar-001"	"20953"	"ISP"	"195.69.144.203"	""	""	""	yes	"SARA"	"1000baseLX"	
"Infonet"	"peering@infonet.com"	"edge-sar-001"	"3300"	"ISP"	"195.69.144.44"	""	""	""	no	"SARA"	"1000baseSX"	
"InfoPact Netwerkdiensten B.V."	"peering@infopact.nl"	"edge-nik-003"	"21221"	"ISP"	"195.69.144.102"	"2001:7f8:1::a502:1221:1"	""	""	yes	"NIKHEF"	"1000baseSX"	
"Init Seven AG"	"noc@init7.net"	"pxc-sar-111"	"13030"	"ISP"	"195.69.144.210"	"2001:7f8:1::a501:3030:1"	""	""	yes	"SARA"	"10000baseLR"	
"InterBox Internet"	"noc@box.nl"	"edge-glo-007"	"16298"	"ISP"	"195.69.144.183"	""	""	""	yes	"Global Switch"	"100baseTX"	
"InterConnect Services B.V."	"peering@interconnect.nl"	"edge-glo-007"	"9150"	"ISP"	"195.69.145.179"	"2001:7f8:1::a500:9150:2"	""	""	no	"Global Switch"	"1000baseSX"	
"InterConnect Services B.V."	"peering@interconnect.nl"	"edge-sar-001"	"9150"	"ISP"	"195.69.144.139"	"2001:7f8:1::a500:9150:1"	""	""	no	"SARA"	"1000baseSX"	
"Intermax BV"	"peering@intermax.nl"	"edge-sar-001"	"24586"	"ISP"	"195.69.145.41"	"2001:7f8:1::a502:4586:1"	""	""	yes	"SARA"	"1000baseSX"	
"Internet Systems Consortium (F-Root)"	"peering@isc.org"	"edge-nik-003"	"30132"	"ISP"	"195.69.144.111"	"2001:7f8:1::a503:132:1"	""	""	yes	"NIKHEF"	"100baseTX"	
"Internet Systems Consortium"	"peering@isc.org"	"edge-nik-004"	"30132"	"ISP"	"195.69.144.140"	"2001:7f8:1::a503:132:2"	""	""	yes	"NIKHEF"	"100baseTX"	
"Internet Unie Services"	"noc@iu.nl"	"edge-tel-006"	"35260"	"ISP"	"195.69.145.69"	""	""	""	no	"TeleCity 2"	"1000baseLHA"	
"InterNLnet B.V."	"peering@internl.net"	"edge-nik-004"	"20507"	"ISP"	"195.69.144.134"	""	""	""	yes	"NIKHEF"	"100baseTX"	
"InterNLnet B.V."	"peering@internl.net"	"pxc-nik-108"	"20507"	"ISP"	"195.69.144.204"	"2001:7f8:1::a502:507:1"	""	""	yes	"NIKHEF"	"10000baseLR"	
"InterNLnet B.V."	"peering@internl.net"	"pxc-nik-108"	"20507"	"ISP"	"195.69.144.134"	""	""	""	yes	"NIKHEF"	"10000baseLR"	
"Internode Pty Ltd"	"peering@internode.com.au"	"edge-sar-002"	"4739"	"ISP"	"195.69.144.227"	"2001:7f8:1::a500:4739:1"	""	""	no	"SARA"	"1000baseLX"	
"Interoute Managed Services"	"peering@interoute.net"	"pxc-glo-107"	"8928"	"ISP"	"195.69.144.81"	""	""	""	no	"Global Switch"	"10000baseLR"	
"Interoute Managed Services"	"peering@interoute.net"	"pxc-nik-104"	"8928"	"ISP"	"195.69.144.175"	""	""	""	no	"NIKHEF"	"10000baseLR"	
"INTICOnet"	"peering@intico.net"	"edge-tel-005"	"9031"	"ISP"	"195.69.144.180"	"2001:7f8:1::a500:9031:1"	""	""	no	"TeleCity 2"	"1000baseSX"	
"InTouch (IPv6)"	"peering@intouch.nl"	"edge-nik-003"	"8954"	"ISP"	""	"2001:7f8:1::a500:8954:1"	""	""	yes	"NIKHEF"	"10baseT"	
"InTouch"	"peering@intouch.nl"	"edge-nik-003"	"8954"	"ISP"	"195.69.144.93"	""	""	""	yes	"NIKHEF"	"1000baseSX"	
"IntroWeb Nederland B.V."	"peering@introweb.nl"	"edge-nik-003"	"20847"	"ISP"	"195.69.144.197"	"2001:7f8:1::a502:847:2"	""	""	yes	"NIKHEF"	"1000baseSX"	
"IntroWeb Nederland B.V."	"peering@introweb.nl"	"edge-tel-005"	"20847"	"ISP"	"195.69.144.222"	"2001:7f8:1::a502:847:1"	""	""	yes	"TeleCity 2"	"1000baseSX"	
"IP Exchange GmbH"	"peering@ip-exchange.de"	"edge-tel-005"	"15598"	"ISP"	"195.69.144.213"	"2001:7f8:1::a501:5598:1"	""	""	yes	"TeleCity 2"	"1000baseLX"	
"IP2 Internet B.V."	"peering@ip2.net"	"edge-glo-007"	"34486"	"ISP"	"195.69.145.186"	""	""	""	yes	"Global Switch"	"1000baseSX"	
"Ipercast NETWORK"	"peering@ipercast.net"	"edge-glo-007"	"25286"	"ISP"	"195.69.145.94"	""	""	""	no	"Global Switch"	"1000baseLX"	
"IPTP Networks"	"peering@iptp.net"	"pxc-nik-103"	"41095"	"ISP"	"195.69.145.196"	""	""	""	yes	"NIKHEF"	"10000baseER"	
"IS Interned Services"	"peering@is.nl"	"pxc-glo-109"	"15879"	"ISP"	"195.69.145.67"	""	""	""	no	"Global Switch"	"10000baseLR"	
"IS Interned Services"	"peering@is.nl"	"pxc-tel-105"	"15879"	"ISP"	"195.69.144.167"	"2001:7f8:1::a501:5879:1"	""	""	yes	"TeleCity 2"	"10000baseER"	
"ISC Politie"	"peering@isc.politie.nl"	"edge-glo-007"	"16147"	"ISP"	"195.69.145.170"	""	""	""	no	"Global Switch"	"1000baseSX"	
"ISC Politie"	"peering@isc.politie.nl"	"edge-tel-005"	"16147"	"ISP"	"195.69.144.170"	""	""	""	no	"TeleCity 2"	"1000baseSX"	
"ISP Services"	"peering@isp-services.nl"	"edge-tel-005"	"24875"	"ISP"	"195.69.144.126"	"2001:7f8:1::a502:4875:1"	""	""	yes	"TeleCity 2"	"1000baseSX"	
"ISPRIME B.V."	"pr@isprime.com"	"pxc-glo-107"	"23393"	"ISP"	"195.69.145.223"	""	""	""	yes	"Global Switch"	"10000baseLR"	
"iunxi BV"	"peering@iunxi.net"	"edge-tel-005"	"34968"	"ISP"	"195.69.145.81"	"2001:7f8:1::a503:4968:1"	""	""	yes	"TeleCity 2"	"1000baseSX"	
"Jansen Systemberatung GmbH"	"hostmaster@dlrz.net"	"edge-tel-005"	"42184"	"ISP"	"195.69.145.210"	""	""	""	yes	"TeleCity 2"	"100baseTX"	
"Kabel Deutschland Vertrieb und Service Gmbh & Co.KG"	"peering@kabel-bb.de"	"pxc-tel-110"	"31334"	"ISP"	"195.69.145.249"	""	""	""	no	"TeleCity 2"	"10000baseER"	
"Korea Telecom"	"marketer@kt.co.kr"	"edge-nik-003"	"4766"	"ISP"	"195.69.144.232"	""	""	""	no	"NIKHEF"	"1000baseSX"	
"Korea Telecom"	"marketer@kt.co.kr"	"edge-nik-004"	"4766"	"ISP"	"195.69.145.129"	""	""	""	no	"NIKHEF"	"1000baseSX"	
"KPN Global Carrier Services"	"noc@planet.nl"	"edge-nik-003"	"8737"	"MDX"	""	""	""	"195.69.146.143"	no	"NIKHEF"	"10baseT"	
"KPN Global Carrier Services"	"noc@planet.nl"	"edge-sar-001"	"8737"	"MDX"	""	""	""	"195.69.146.142"	no	"SARA"	"10baseT"	
"KPN Mobile The Netherlands B.V."	"tspmipnet@kpn.com"	"edge-nik-003"	"64595"	"MDX"	""	""	""	"195.69.146.139"	no	"NIKHEF"	"10baseT"	
"KPN Mobile The Netherlands B.V."	"tspmipnet@kpn.com"	"edge-nik-003"	"64595"	"MDX"	""	""	""	"195.69.146.138"	no	"NIKHEF"	"10baseT"	
"KPN Wholesale Service & Op. (AS286)"	"peering@kpn.net"	"edge-nik-003"	"286"	"ISP"	"195.69.144.97"	"2001:7f8:1::a500:286:1"	""	""	no	"NIKHEF"	"1000baseSX"	
"KPN Wholesale Service & Op."	"peering@kpn.net"	"withheld"	"private"	"GRX"	""	""	""	""	no	"SARA"	"100baseTX"	
"KPN Wholesale Service & Op. (AS286 - ccr01)"	"peering@kpn.net"	"edge-sar-001"	"286"	""	""	""	""	""	no	"SARA"	"100baseTX"	
"KPN Wholesale Service & Op. (AS286)"	"peering@kpn.net"	"pxc-sar-101"	"286"	"ISP"	"195.69.144.144"	""	""	""	no	"SARA"	"10000baseLR"	
"KPN Wholesale Service & Op. (AS8737)"	"peering@kpn.net"	"pxc-sar-114"	"8737"	"ISP"	"195.69.144.62"	""	""	""	no	"SARA"	"50000baseLR"	
"KPN Wholesale Service & Op. (AS286)"	"peering@kpn.net"	"pxc-tel-105"	"286"	"ISP"	"195.69.144.89"	""	""	""	no	"TeleCity 2"	"10000baseER"	
"KPN Wholesale Service & Op. (AS8737)"	"peering@kpn.net"	"pxc-tel-115"	"8737"	"ISP"	"195.69.144.84"	"2001:7f8:1::a500:8737:2"	""	""	no	"TeleCity 2"	"50000baseLR"	
"Lambdanet Communications Deutschland AG"	"peering@lambdanet.net"	"edge-tel-005"	"13237"	"ISP"	""	"2001:7f8:1::a501:3237:1"	""	""	no	"TeleCity 2"	"100baseTX"	
"Lambdanet Communications Deutschland AG"	"peering@lambdanet.net"	"pxc-tel-119"	"13237"	"ISP"	"195.69.144.212"	""	""	""	no	"TeleCity 2"	"10000baseLR"	
"Leaseweb"	"peering@leaseweb.nl"	"pxc-nik-104"	"16265"	"ISP"	"195.69.145.215"	"2001:7f8:1::a501:6265:1"	""	""	yes	"NIKHEF"	"40000baseLR"	
"Leaseweb"	"peering@leaseweb.nl"	"pxc-tel-115"	"16265"	"ISP"	"195.69.144.215"	"2001:7f8:1::a501:6265:2"	""	""	yes	"TeleCity 2"	"40000baseLR"	
"Level(3) Communications"	"peering@eu.level3.net"	"edge-sar-001"	"3356"	"ISP"	"195.69.144.110"	""	""	""	no	"SARA"	"1000baseLHA"	
"Lidero Network AB"	"peering@lidero.net"	"edge-tel-005"	"25466"	"ISP"	"195.69.145.201"	"2001:7f8:1::a502:5466:1"	""	""	yes	"TeleCity 2"	"1000baseSX"	
"Lie-Comtel"	"lir@lie-comtel.li"	"edge-nik-003"	"20634"	"ISP"	"195.69.145.226"	""	""	""	yes	"NIKHEF"	"100baseTX"	
"Limelight Networks"	"peering@limelightnetworks.com"	"pxc-tel-105"	"22822"	"ISP"	"195.69.145.133"	""	""	""	yes	"TeleCity 2"	"40000baseER"	
"Link11 GmbH"	"peering@link11.de"	"edge-glo-007"	"34309"	"ISP"	"195.69.145.111"	"2001:7f8:1::a503:4309:1"	""	""	yes	"Global Switch"	"1000baseLX"	
"Linxtelecom"	"peering@linxtelecom.net"	"edge-tel-005"	"3327"	"ISP"	"195.69.145.242"	"2001:7f8:1::a500:3327:1"	""	""	yes	"TeleCity 2"	"2000baseLX"	
"Localphone Limited"	"peering@localphone.com"	"edge-glo-007"	"42884"	"ISP"	"195.69.145.154"	"2001:7f8:1::a504:2884:1"	""	""	yes	"Global Switch"	"1000baseSX"	
"Luna.nl"	"peering@luna.nl"	"edge-glo-007"	"12902"	"ISP"	"195.69.144.223"	"2001:7f8:1::a501:2902:1"	""	""	yes	"Global Switch"	"1000baseSX"	
"Manx Telecom Ltd"	"peering@manx-telecom.com"	"edge-sar-001"	"13122"	"ISP"	"195.69.145.178"	""	""	""	yes	"SARA"	"1000baseSX"	
"marktplaats.nl"	"peering@marktplaats.nl"	"edge-glo-007"	"41552"	"ISP"	"195.69.145.112"	""	""	""	yes	"Global Switch"	"1000baseSX"	
"marktplaats.nl"	"peering@marktplaats.nl"	"edge-sar-001"	"41552"	"ISP"	"195.69.144.112"	""	""	""	yes	"SARA"	"1000baseSX"	
"Microsoft"	"peering@microsoft.com"	"pxc-glo-109"	"8068"	"ISP"	"195.69.145.20"	""	""	""	yes	"Global Switch"	"20000baseLR"	
"Microsoft"	"peering@microsoft.com"	"pxc-glo-109"	"8068"	"ISP"	"195.69.145.21"	""	""	""	yes	"Global Switch"	"20000baseLR"	
"Mistral Internet Group Limited"	"peering@mistral.net"	"edge-sar-001"	"8897"	"ISP"	"195.69.144.249"	"2001:7f8:1::a500:8897:1"	""	""	no	"SARA"	"1000baseSX"	
"Momax S.r.l."	"ntwk@momax.it"	"edge-tel-005"	"29438"	"ISP"	"195.69.145.199"	""	""	""	no	"TeleCity 2"	"100baseTX"	
"MTN Network Solutions (Pty) Limited"	"bgp-admin@mtnns.net"	"edge-glo-007"	"16637"	"ISP"	"195.69.144.31"	""	""	""	yes	"Global Switch"	"100baseTX"	
"MTS Allstream Inc"	"peering@allstream.com"	"edge-sar-002"	"15290"	"ISP"	"195.69.145.122"	""	""	""	no	"SARA"	"1000baseSX"	
"MTT"	"grxpeering@mtt.ru"	"withheld"	"private"	"GRX"	""	""	""	""	no	"TeleCity 2"	"10baseT"	
"Multiplay (UK) Ltd"	"peering@multiplay.co.uk"	"edge-glo-007"	"35028"	"ISP"	"195.69.145.189"	"2001:7f8:1::a503:5028:1"	""	""	yes	"Global Switch"	"1000baseLX"	
"MuntInternet"	"peering@muntinternet.com"	"pxc-eun-113"	"21392"	"ISP"	"195.69.145.175"	"2001:7f8:1::a502:1392:1"	""	""	yes	"euNetworks"	"10000baseLR"	
"Mzima Networks, Inc."	"peering@mzima.net"	"edge-glo-007"	"25973"	"ISP"	"195.69.144.73"	""	""	""	yes	"Global Switch"	"2000baseLX"	
"Nauka-Svyaz LTD"	"noc@naukanet.ru"	"edge-nik-003"	"21011"	"ISP"	"195.69.144.218"	"2001:7f8:1::a502:1011:1"	""	""	yes	"NIKHEF"	"100baseTX"	
"Nauka-Svyaz LTD"	"noc@naukanet.ru"	"edge-nik-004"	"28809"	"ISP"	"195.69.145.218"	""	""	""	yes	"NIKHEF"	"100baseTX"	
"NedLook internet solutions"	"peering@xenosite.net"	"edge-nik-003"	"15426"	"ISP"	"195.69.144.173"	""	""	""	yes	"NIKHEF"	"100baseTX"	
"NedZone Internet B.V."	"peering@nedzone.nl"	"edge-nik-003"	"25459"	"ISP"	"195.69.145.68"	""	""	""	yes	"NIKHEF"	"1000baseSX"	
"Neotelecoms SAS / AS8218"	"peering@as8218.eu"	"pxc-eun-113"	"8218"	"ISP"	"195.69.145.47"	"2001:7f8:1::a500:8218:1"	""	""	yes	"euNetworks"	"10000baseLR"	
"Nerim"	"peering@nerim.net"	"edge-tel-005"	"13193"	"ISP"	"195.69.145.198"	"2001:7f8:1::a501:3193:1"	""	""	no	"TeleCity 2"	"100baseTX"	
"Net Ground B.V."	"peering@netground.nl"	"pxc-glo-117"	"41445"	"ISP"	"195.69.145.33"	""	""	""	yes	"Global Switch"	"10000baseLR"	
"NetCologne GmbH"	"peering@netcologne.de"	"pxc-tel-106"	"8422"	"ISP"	"195.69.145.62"	"2001:7f8:1::a500:8422:1"	""	""	yes	"TeleCity 2"	"10000baseLR"	
"netdirekt e. K."	"info@netdirekt.de"	"pxc-sar-114"	"28753"	"ISP"	"195.69.145.140"	"2001:7f8:1::a502:8753:1"	""	""	yes	"SARA"	"10000baseLR"	
"Netguard BV"	"peering@netguard.nl"	"edge-nik-003"	"31251"	"ISP"	"195.69.145.128"	""	""	""	no	"NIKHEF"	"100baseTX"	
"Netland Internet Services BV"	"peering@netland.nl"	"edge-sar-001"	"20639"	"ISP"	"195.69.144.195"	""	""	""	yes	"SARA"	"100baseTX"	
"Netvictory B.V."	"peering@netvictory.net"	"edge-tel-005"	"29279"	"ISP"	"195.69.144.53"	""	""	""	yes	"TeleCity 2"	"100baseTX"	
"NeufCegetel"	"peering@n9uf.net"	"pxc-tel-106"	"15557"	"ISP"	"195.69.145.171"	""	""	""	no	"TeleCity 2"	"20000baseLR"	
"Neustar"	"nocteam@neustar.biz"	"withheld"	"private"	"GRX"	""	""	""	""	no	"euNetworks"	"1000baseSX"	
"Neustar"	"nocteam@neustar.biz"	"withheld"	"private"	"GRX"	""	""	""	""	no	"euNetworks"	"1000baseSX"	
"Neustar"	"nocteam@neustar.biz"	"withheld"	"private"	"GRX"	""	""	""	""	no	"Global Switch"	"10baseT"	
"Neustar"	"nocteam@neustar.biz"	"edge-glo-007"	"32979"	"ISP"	"195.69.145.233"	""	""	""	no	"Global Switch"	"100baseTX"	
"Neustar"	"nocteam@neustar.biz"	"withheld"	"private"	"GRX"	""	""	""	""	no	"NIKHEF"	"1000baseSX"	
"Neustar"	"nocteam@neustar.biz"	"withheld"	"private"	"GRX"	""	""	""	""	no	"NIKHEF"	"1000baseSX"	
"Neustar"	"nocteam@neustar.biz"	"withheld"	"private"	"GRX"	""	""	""	""	no	"TeleCity 2"	"10baseT"	
"New Frontier Technologies"	"nft-arin@noof.com"	"edge-nik-003"	"40761"	"ISP"	"195.69.145.244"	""	""	""	no	"NIKHEF"	"1000baseSX"	
"New Frontier Technologies"	"nft-arin@noof.com"	"edge-nik-004"	"40761"	"ISP"	"195.69.144.75"	""	""	""	no	"NIKHEF"	"1000baseSX"	
"News-Service.com"	"noc@news-service.com"	"pxc-eqx-118"	"8582"	"ISP"	"195.69.145.57"	""	""	""	yes	"Equinix"	"10000baseLR"	
"NL Hosting Internet BV"	"peering@nlhosting.com"	"edge-tel-006"	"24793"	"ISP"	"195.69.144.142"	""	""	""	no	"TeleCity 2"	"1000baseSX"	
"nLayer Communications, Inc."	"peering@nlayer.net"	"pxc-glo-109"	"4436"	"ISP"	"195.69.145.219"	""	""	""	no	"Global Switch"	"20000baseLR"	
"NOB, a unit of Technicolor Network Services"	"noc@thomson.net"	"edge-tel-006"	"20969"	"ISP"	"195.69.145.227"	""	""	""	yes	"TeleCity 2"	"1000baseLX"	
"Nokia Oyj"	"peering@nokia.com"	"edge-tel-006"	"1248"	"ISP"	"195.69.145.238"	"2001:7f8:1::a500:1248:1"	""	""	yes	"TeleCity 2"	"1000baseLX"	
"Nokia Siemens Networks"	"wolfgang.zethner@nsn.com"	"edge-eun-008"	"41932"	"MDX"	""	""	""	"195.69.146.147"	no	"euNetworks"	"100baseTX"	
"NORDUnet A/S"	"peering@nordu.net"	"pxc-sar-111"	"2603"	"ISP, MC"	"195.69.145.203"	"2001:7f8:1::a500:2603:1"	"195.69.146.22"	""	no	"SARA"	"10000baseLR"	
"NPO"	"peering@omroep.nl"	"pxc-nik-112"	"25182"	"ISP"	"195.69.144.243"	"2001:7f8:1::a502:5182:2"	""	""	no	"NIKHEF"	"20000baseLR"	
"NPO"	"peering@omroep.nl"	"pxc-tel-115"	"25182"	"ISP"	"195.69.145.86"	"2001:7f8:1::a502:5182:1"	""	""	no	"TeleCity 2"	"20000baseLR"	
"NTL"	"peering@ntli.net"	"pxc-nik-104"	"5089"	"ISP"	"195.69.144.40"	""	""	""	no	"NIKHEF"	"30000baseLR"	
"NTT Communications Corporation, Network Business Divison, Carrier Relations & Sales Department"	"grx-nw@ntt.com"	"withheld"	"private"	"GRX"	""	""	""	""	no	"SARA"	"100baseTX"	
"NTT Communications Corporation, Network Business Divison, Carrier Relations & Sales Department"	"grx-nw@ntt.com"	"withheld"	"private"	"GRX"	""	""	""	""	no	"TeleCity 2"	"100baseTX"	
"NTT Communications Global IP Network"	"peering@ntt.net"	"edge-tel-005"	"2914"	""	""	""	""	""	no	"TeleCity 2"	"1000baseSX"	
"NTT Communications Global IP Network"	"peering@ntt.net"	"edge-tel-005"	"2914"	"ISP, MC"	"195.69.144.36"	"2001:7f8:1::a500:2914:1"	"195.69.146.21"	""	no	"TeleCity 2"	"4000baseSX"	
"NTT Communications Global IP Network"	"peering@ntt.net"	"pxc-tel-105"	"2914"	"ISP"	"195.69.144.36"	""	""	""	no	"TeleCity 2"	"10000baseER"	
"Nxs Internet B.V."	"peering@nxs.nl"	"pxc-glo-109"	"16237"	"ISP"	"195.69.144.146"	""	""	""	yes	"Global Switch"	"10000baseLR"	
"O2 - UK"	"internet.peering@o2.com"	"pxc-sar-114"	"35228"	"ISP"	"195.69.145.45"	""	""	""	yes	"SARA"	"10000baseER"	
"OBIT"	"peering@obit.ru"	"edge-nik-003"	"8492"	"ISP"	"195.69.145.85"	""	""	""	yes	"NIKHEF"	"100baseTX"	
"Online Breedband BV"	"peering@euro.net"	"pxc-nik-104"	"5390"	"ISP"	"195.69.144.70"	""	""	""	yes	"NIKHEF"	"20000baseLR"	
"Online Breedband BV"	"peering@euro.net"	"pxc-sar-102"	"5390"	"ISP"	"195.69.144.55"	""	""	""	yes	"SARA"	"20000baseLR"	
"Opal Business Solutions"	"peering@opal-solutions.com"	"edge-nik-003"	"8586"	"ISP"	"195.69.144.132"	"2001:7f8:1::a500:8586:1"	""	""	no	"NIKHEF"	"100baseTX"	
"Opal Telecom Ltd."	"ipnoc@opaltelecom.co.uk"	"pxc-sar-111"	"13285"	"ISP"	"195.69.145.34"	""	""	""	no	"SARA"	"10000baseLR"	
"Open Peering"	"peering@openpeering.nl"	"pxc-eun-113"	"20562"	"ISP"	"195.69.145.197"	""	""	""	yes	"euNetworks"	"10000baseLR"	
"Open Peering"	"peering@openpeering.nl"	"pxc-nik-103"	"20562"	"ISP"	"195.69.144.189"	""	""	""	yes	"NIKHEF"	"30000baseLR"	
"OpenCarrier e.G."	"peering@opencarrier.eu"	"edge-tel-006"	"41692"	"ISP"	"195.69.145.221"	"2001:7f8:1::a504:1692:1"	""	""	yes	"TeleCity 2"	"1000baseLX"	
"Orange Business Services"	"peering@orange-ftgroup.com"	"edge-sar-002"	"5583"	"ISP"	"195.69.144.66"	""	""	""	no	"SARA"	"1000baseSX"	
"Orange Nederland N.V."	"interconnect@orangemail.nl"	"edge-sar-001"	"64649"	"MDX"	""	""	""	"195.69.146.140"	no	"SARA"	"10baseT"	
"Orange Nederland N.V."	"interconnect@orangemail.nl"	"edge-tel-005"	"64649"	"MDX"	""	""	""	"195.69.146.141"	no	"TeleCity 2"	"10baseT"	
"OTE International Solutions S.A."	"peering@oteglobe.net"	"withheld"	"private"	"GRX"	""	""	""	""	no	"TeleCity 2"	"100baseTX"	
"OTE International Solutions S.A."	"peering@oteglobe.net"	"edge-tel-006"	"12713"	"ISP"	"195.69.144.179"	""	""	""	no	"TeleCity 2"	"2000baseLX"	
"OTE International Solutions S.A."	"peering@oteglobe.net"	"pxc-glo-117"	"12713"	"ISP"	"195.69.144.179"	""	""	""	no	"Global Switch"	"10000baseER"	
"OVH"	"noc@ovh.com"	"pxc-glo-109"	"16276"	"ISP"	"195.69.145.231"	""	""	""	yes	"Global Switch"	"20000baseLR"	
"Packet Clearing House"	"peering@pch.net"	"edge-eun-008"	"3856"	"ISP"	"195.69.145.250"	""	""	""	yes	"euNetworks"	"10baseT"	
"Packet Clearing House"	"peering@pch.net"	"edge-eun-008"	"42"	"ISP"	"195.69.144.250"	""	""	""	yes	"euNetworks"	"100baseTX"	
"Panther IT Services"	"amsix@panther-it.nl"	"edge-tel-006"	"43560"	"ISP"	"195.69.145.95"	""	""	""	yes	"TeleCity 2"	"1000baseSX"	
"PCCW Global"	"peering@cais.net"	"pxc-nik-112"	"3491"	"ISP"	"195.69.145.37"	""	""	""	no	"NIKHEF"	"10000baseLR"	
"Peer 1 Network"	"peering@peer1.com"	"edge-sar-002"	"13768"	"ISP"	"195.69.145.209"	""	""	""	no	"SARA"	"2000baseLX"	
"PINS Nederland B.V."	"peering@pins-web.net"	"edge-nik-004"	"20747"	"ISP"	"195.69.144.145"	""	""	""	yes	"NIKHEF"	"1000baseSX"	
"Plant hosting & co-location B.V."	"peering@plant.nl"	"edge-sar-002"	"15509"	"ISP"	"195.69.144.147"	""	""	""	no	"SARA"	"1000baseSX"	
"Plex Elektronische Informatie BV"	"ams-ix.peering@plex.net"	"edge-nik-003"	"21478"	"ISP"	"195.69.144.216"	""	""	""	no	"NIKHEF"	"100baseTX"	
"PLUSINFO LTD"	"peering@plus.ru"	"edge-nik-003"	"28870"	"ISP"	"195.69.144.86"	""	""	""	yes	"NIKHEF"	"100baseTX"	
"Plusline AG"	"peering@plusline.net"	"edge-tel-005"	"12306"	"ISP"	"195.69.144.161"	""	""	""	no	"TeleCity 2"	"100baseTX"	
"Port80 AB"	"peering-req@p80.net"	"pxc-tel-106"	"16150"	"ISP"	"195.69.145.52"	"2001:7f8:1::a501:6150:1"	""	""	yes	"TeleCity 2"	"10000baseLR"	
"Portugal Telecom Comunicacoes, SA (IPv6)"	"peering@cprm.net"	"edge-tel-005"	"8657"	"ISP"	""	"2001:7f8:1::a500:8657:1"	""	""	yes	"TeleCity 2"	"100baseTX"	
"Portugal Telecom Comunicacoes, SA (was Marconi)"	"peering@cprm.net"	"withheld"	"private"	"GRX"	""	""	""	""	no	"TeleCity 2"	"10baseT"	
"Portugal Telecom Comunicacoes, SA (was Marconi)"	"peering@cprm.net"	"withheld"	"private"	"GRX"	""	""	""	""	no	"TeleCity 2"	"10baseT"	
"Portugal Telecom Comunicacoes, SA"	"peering@cprm.net"	"edge-tel-005"	"8657"	"ISP"	"195.69.144.217"	""	""	""	no	"TeleCity 2"	"3000baseSX"	
"Portugal Telecom Comunicacoes, SA"	"peering@cprm.net"	"pxc-tel-105"	"8657"	"ISP"	"195.69.144.217"	""	""	""	no	"TeleCity 2"	"10000baseLR"	
"Priority Telecom Netherlands BV"	"peering@prioritytelecom.com"	"edge-sar-002"	"13646"	"ISP"	"195.69.144.117"	""	""	""	no	"SARA"	"1000baseSX"	
"Probe Networks"	"peering@probe-networks.de"	"edge-tel-005"	"29686"	"ISP"	"195.69.145.56"	"2001:7f8:1::a502:9686:1"	""	""	no	"TeleCity 2"	"1000baseLHA"	
"ProServe B.V."	"noc@proserve.nl"	"pxc-eun-113"	"21155"	"ISP"	"195.69.145.63"	"2001:7f8:1::a502:1155:2"	""	""	yes	"euNetworks"	"10000baseLR"	
"ProServe B.V."	"noc@proserve.nl"	"pxc-nik-112"	"21155"	"ISP"	"195.69.144.214"	"2001:7f8:1::a502:1155:1"	""	""	yes	"NIKHEF"	"10000baseLR"	
"Proxility"	"peering@proxility.net"	"edge-tel-005"	"43293"	"ISP"	"195.69.144.182"	"2001:7f8:1::a504:3293:1"	""	""	yes	"TeleCity 2"	"1000baseSX"	
"Qatar Telecom (Qtel) Q.S.C"	"peering@isp.qa"	"edge-sar-001"	"8781"	"ISP"	"195.69.145.120"	""	""	""	no	"SARA"	"1000baseLX"	
"Qore Networks"	"peering@qore.nl"	"edge-glo-007"	"34430"	"ISP"	"195.69.145.96"	""	""	""	yes	"Global Switch"	"1000baseSX"	
"RCS & RDS"	"peering@rdsnet.ro"	"pxc-tel-110"	"8708"	"ISP"	"195.69.144.51"	"2001:7f8:1::a500:8708:1"	""	""	no	"TeleCity 2"	"10000baseLR"	
"REACH"	"peering@reach.com"	"withheld"	"private"	"GRX"	""	""	""	""	no	"TeleCity 2"	"10baseT"	
"Reasonnet IP Networks"	"peeringeu@reasonnet.com"	"edge-nik-003"	"25525"	"ISP"	"195.69.144.121"	""	""	""	no	"NIKHEF"	"1000baseSX"	
"Reasonnet IP Networks"	"peeringeu@reasonnet.com"	"pxc-glo-109"	"25525"	"ISP"	"195.69.145.23"	"2001:7f8:1::a502:5525:1"	""	""	no	"Global Switch"	"10000baseLR"	
"Redstone Managed Solutions"	"peering@redstone.co.uk"	"edge-nik-003"	"5552"	"ISP"	"195.69.144.207"	""	""	""	no	"NIKHEF"	"100baseTX"	
"Renesys Corp"	"sysops@renesys.com"	"edge-eun-008"	"64597"	"ISP"	"195.69.144.230"	"2001:7f8:1::a506:4597:1"	""	""	no	"euNetworks"	"100baseTX"	
"Renesys Corp"	"sysops@renesys.com"	"edge-eun-008"	"64597"	"ISP"	"195.69.145.230"	""	""	""	no	"euNetworks"	"100baseTX"	
"RETN Ltd."	"peering@retn.net"	"pxc-tel-110"	"9002"	"ISP"	"195.69.145.216"	"2001:7f8:1::a500:9002:1"	""	""	no	"TeleCity 2"	"10000baseLR"	
"RIPE NCC (AS112 Project)"	"ops@ripe.net"	"edge-nik-003"	"112"	"ISP"	"195.69.144.39"	""	""	""	no	"NIKHEF"	"100baseTX"	
"RIPE NCC (IPv6)"	"ops@ripe.net"	"edge-nik-003"	"3333"	"ISP"	""	""	""	""	no	"NIKHEF"	"10baseT"	
"RIPE NCC (RIS Project)"	"ops@ripe.net"	"edge-nik-003"	"12654"	"ISP"	"195.69.144.69"	"2001:7f8:1::a501:2654:1"	""	""	no	"NIKHEF"	"10baseT"	
"RIPE NCC"	"ops@ripe.net"	"edge-nik-003"	"3333"	"ISP"	"195.69.144.68"	"2001:7f8:1::a500:3333:1"	""	""	no	"NIKHEF"	"1000baseSX"	
"RIPE NCC (K-root server)"	"ops@ripe.net"	"edge-nik-003"	"25152"	"ISP"	"195.69.144.240"	""	""	""	no	"NIKHEF"	"1000baseSX"	
"RIPE NCC"	"ops@ripe.net"	"edge-tel-005"	"3333"	"ISP"	"195.69.144.71"	"2001:7f8:1::a500:3333:2"	""	""	no	"TeleCity 2"	"1000baseSX"	
"RoutIT BV"	"peering@routit.net"	"edge-tel-005"	"28685"	"ISP"	"195.69.144.133"	""	""	""	yes	"TeleCity 2"	"2000baseSX"	
"RTComm"	"peering@rtcomm.ru"	"edge-glo-007"	"8342"	"ISP"	"195.69.144.224"	""	""	""	yes	"Global Switch"	"1000baseSX"	
"RTLNederland Interactief B.V."	"peering@rtl.nl"	"pxc-eqx-118"	"20504"	"ISP, MC"	"195.69.145.225"	""	"195.69.146.19"	""	yes	"Equinix"	"20000baseLR"	
"RTLNederland Interactief B.V."	"peering@rtl.nl"	"pxc-eqx-118"	"20504"	"ISP, MC"	"195.69.144.186"	""	"195.69.146.18"	""	yes	"Equinix"	"20000baseLR"	
"RTLNederland Interactief B.V."	"peering@rtl.nl"	"pxc-nik-112"	"20504"	"ISP, MC"	"195.69.144.186"	""	"195.69.146.18"	""	yes	"NIKHEF"	"20000baseLR"	
"SARA"	"peering@sara.nl"	"pxc-sar-101"	"1126"	"ISP"	"195.69.144.252"	"2001:7f8:1::a500:1126:1"	""	""	no	"SARA"	"10000baseLR"	
"Sarenet"	"peering@sarenet.es"	"edge-sar-001"	"3262"	"ISP"	"195.69.144.120"	""	""	""	no	"SARA"	"1000baseSX"	
"SAVVIS Communications Corporation"	"peering@savvis.net"	"edge-nik-003"	"3561"	"ISP"	"195.69.145.60"	""	""	""	no	"NIKHEF"	"1000baseSX"	
"ScanPlus GmbH"	"peering@scan-plus.de"	"edge-sar-001"	"12399"	"ISP"	"195.69.145.99"	""	""	""	yes	"SARA"	"100baseTX"	
"Scarlet Business NV"	"Manu.Drieghe@scarlet.biz"	"edge-nik-003"	"3304"	"ISP"	"195.69.144.114"	""	""	""	no	"NIKHEF"	"2000baseLX"	
"Scarlet Internet B.V."	"peering@sc-network.nl"	"edge-glo-007"	"12634"	"ISP"	"195.69.144.105"	"2001:7f8:1::a501:2634:2"	""	""	no	"Global Switch"	"1000baseLX"	
"Scarlet Internet B.V."	"peering@sc-network.nl"	"edge-sar-001"	"12634"	"ISP"	"195.69.144.130"	"2001:7f8:1::a501:2634:1"	""	""	no	"SARA"	"1000baseSX"	
"sdt.net AG"	"peering@sdt.net"	"edge-tel-005"	"6735"	"ISP"	"195.69.145.80"	""	""	""	yes	"TeleCity 2"	"100baseTX"	
"Shaw Business Solutions"	"peering@sjrb.ca"	"pxc-sar-111"	"6327"	"ISP"	"195.69.144.148"	""	""	""	no	"SARA"	"10000baseLR"	
"SIDN, Stichting Internet Domeinregistratie NL"	"peering@sidn.nl"	"edge-sar-001"	"1140"	"ISP"	"195.69.144.49"	"2001:7f8:1::a500:1140:1"	""	""	yes	"SARA"	"100baseTX"	
"SIG/IP- MAN"	"peering@ip-man.net"	"edge-sar-001"	"20932"	"ISP"	"195.69.144.234"	"2001:7f8:1::a502:932:1"	""	""	yes	"SARA"	"100baseTX"	
"Signet Internet"	"peering@signet.nl"	"edge-glo-007"	"28878"	"ISP"	"195.69.145.251"	"2001:7f8:1::a502:8878:2"	""	""	yes	"Global Switch"	"1000baseSX"	
"Signet Internet"	"peering@signet.nl"	"edge-sar-001"	"28878"	"ISP"	"195.69.144.198"	"2001:7f8:1::a502:8878:1"	""	""	yes	"SARA"	"1000baseSX"	
"Singapore Telecommunications"	"chenjiang@singtel.com"	"withheld"	"private"	"GRX"	""	""	""	""	no	"Global Switch"	"10baseT"	
"Singapore Telecommunications"	"chenjiang@singtel.com"	"withheld"	"private"	"GRX"	""	""	""	""	no	"Global Switch"	"10baseT"	
"Sloane Park Property Trust, a.s."	"ipte@sloane.cz"	"edge-nik-003"	"29113"	"ISP"	"195.69.145.206"	"2001:7f8:1::a502:9113:1"	""	""	yes	"NIKHEF"	"1000baseLX"	
"SOCO Network Solutions GmbH"	"peering@soco.net"	"edge-tel-005"	"12759"	"ISP"	"195.69.145.59"	""	""	""	no	"TeleCity 2"	"100baseTX"	
"Solcon Internetdiensten B.V."	"peering@solcon.nl"	"pxc-nik-108"	"12414"	"ISP"	"195.69.145.165"	"2001:7f8:1::a501:2414:2"	""	""	yes	"NIKHEF"	"10000baseLR"	
"Solcon Internetdiensten B.V."	"peering@solcon.nl"	"pxc-sar-102"	"12414"	"ISP"	"195.69.144.165"	"2001:7f8:1::a501:2414:1"	""	""	yes	"SARA"	"10000baseLR"	
"SprintLink Netherlands B.V."	"peering@sprint.net"	"edge-tel-005"	"1239"	"ISP"	"195.69.145.214"	""	""	""	no	"TeleCity 2"	"1000baseLX"	
"State Institute of Information Technologies and Telecommunications"	"noc@run.net"	"edge-nik-004"	"3267"	"ISP"	"195.69.145.75"	""	""	""	no	"NIKHEF"	"1000baseSX"	
"SURFnet"	"peering@surfnet.nl"	"edge-sar-001"	"1103"	"MC"	""	""	"195.69.146.5"	""	no	"SARA"	"1000baseSX"	
"SURFnet"	"peering@surfnet.nl"	"pxc-sar-101"	"1103"	"ISP"	"195.69.144.50"	"2001:7f8:1::a500:1103:1"	""	""	no	"SARA"	"10000baseER"	
"SURFnet"	"peering@surfnet.nl"	"pxc-tel-105"	"1103"	"ISP"	"195.69.144.34"	"2001:7f8:1::a500:1103:2"	""	""	no	"TeleCity 2"	"10000baseER"	
"Swisscom AG"	"peering@ip-plus.net"	"pxc-sar-102"	"3303"	"ISP"	"195.69.144.100"	""	""	""	no	"SARA"	"10000baseLR"	
"SWITCH"	"peering@switch.ch"	"edge-sar-002"	"559"	"ISP"	"195.69.144.33"	"2001:7f8:1::a500:559:1"	""	""	yes	"SARA"	"1000baseLX"	
"Syniverse Technologies Inc."	"nancy.dwyer@syniverse.com"	"withheld"	"private"	"GRX"	""	""	""	""	no	"Global Switch"	"100baseTX"	
"Syniverse Technologies Inc."	"nancy.dwyer@syniverse.com"	"withheld"	"private"	"GRX"	""	""	""	""	no	"Global Switch"	"100baseTX"	
"Syniverse Technologies Inc."	"nancy.dwyer@syniverse.com"	"withheld"	"private"	"GRX"	""	""	""	""	no	"NIKHEF"	"100baseTX"	
"T-Mobile Netherlands B.V."	"erik.van.overdijk@t-mobile.nl"	"edge-tel-005"	"64650"	"MDX"	""	""	""	"195.69.146.137"	no	"TeleCity 2"	"10baseT"	
"T-Systems International GRX"	"amir.mohammadi@t-systems.com"	"withheld"	"private"	"GRX"	""	""	""	""	no	"NIKHEF"	"100baseTX"	
"T-Systems International GRX"	"amir.mohammadi@t-systems.com"	"withheld"	"private"	"GRX"	""	""	""	""	no	"NIKHEF"	"100baseTX"	
"Tachyon Europe B.V."	"peering@eu.tachyon.net"	"edge-tel-005"	"24974"	"ISP"	"195.69.145.38"	""	""	""	yes	"TeleCity 2"	"10baseT"	
"TDC A/S"	"peering@tdc.dk"	"withheld"	"private"	"GRX"	""	""	""	""	no	"NIKHEF"	"100baseTX"	
"TDC A/S"	"peering@tdc.dk"	"withheld"	"private"	"GRX"	""	""	""	""	no	"NIKHEF"	"100baseTX"	
"TDC A/S"	"peering@tdc.dk"	"pxc-nik-103"	"3292"	"ISP"	"195.69.144.104"	"2001:7f8:1::a500:3292:1"	""	""	no	"NIKHEF"	"10000baseLR"	
"TDC Switzerland AG"	"peering@sunrise.net"	"pxc-nik-103"	"6730"	"ISP"	"195.69.144.116"	""	""	""	no	"NIKHEF"	"10000baseER"	
"Tele2"	"peering@swip.net"	"withheld"	"private"	"GRX"	""	""	""	""	no	"SARA"	"100baseTX"	
"Tele2"	"peering@swip.net"	"edge-sar-001"	"1257"	"MDX"	""	""	""	"195.69.146.144"	no	"SARA"	"100baseTX"	
"Tele2"	"peering@swip.net"	"withheld"	"private"	"GRX"	""	""	""	""	no	"TeleCity 2"	"100baseTX"	
"Tele2"	"peering@swip.net"	"edge-tel-005"	"1257"	"MDX"	""	""	""	"195.69.146.146"	no	"TeleCity 2"	"100baseTX"	
"Tele2"	"peering@swip.net"	"pxc-sar-101"	"1257"	"ISP"	"195.69.144.88"	"2001:7f8:1::a500:1257:2"	""	""	no	"SARA"	"10000baseLR"	
"Tele2"	"peering@swip.net"	"pxc-tel-105"	"1257"	"ISP"	"195.69.145.139"	"2001:7f8:1::a500:1257:1"	""	""	no	"TeleCity 2"	"10000baseER"	
"Tele2 Nederland B.V."	"peering@versatel.net"	"pxc-sar-101"	"13127"	"ISP"	"195.69.144.47"	""	""	""	no	"SARA"	"20000baseLR"	
"Tele2 Nederland B.V."	"peering@versatel.net"	"pxc-tel-105"	"13127"	"ISP"	"195.69.144.211"	""	""	""	no	"TeleCity 2"	"20000baseLR"	
"Telecity Group Netherlands BV"	"IPServices_UK@telecityredbus.com"	"edge-tel-005"	"15830"	"ISP"	"195.69.144.113"	""	""	""	no	"TeleCity 2"	"1000baseSX"	
"Telecom Italia Sparkle"	"peering@seabone.net"	"withheld"	"private"	"GRX"	""	""	""	""	no	"NIKHEF"	"100baseTX"	
"Telecom Italia Sparkle"	"peering@seabone.net"	"withheld"	"private"	"GRX"	""	""	""	""	no	"SARA"	"1000baseLX"	
"Telecom Italia Sparkle"	"peering@seabone.net"	"pxc-nik-108"	"6762"	"ISP"	"195.69.144.196"	"2001:7f8:1::a500:6762:1"	""	""	no	"NIKHEF"	"10000baseLR"	
"Telecomplete Limited"	"peering@telecomplete.net"	"edge-tel-005"	"6320"	"ISP"	"195.69.144.178"	""	""	""	no	"TeleCity 2"	"100baseTX"	
"Telefonica Deutschland GmbH"	"peering@telefonica.de"	"pxc-nik-104"	"6805"	"ISP"	"195.69.144.91"	""	""	""	no	"NIKHEF"	"10000baseLR"	
"Telefonica Deutschland GmbH"	"peering@telefonica.de"	"pxc-sar-101"	"6805"	"ISP"	"195.69.144.199"	""	""	""	no	"SARA"	"10000baseLR"	
"Telefonica International Wholesale Services"	"peering@wholesale.telefonica.com"	"withheld"	"private"	"GRX"	""	""	""	""	no	"TeleCity 2"	"100baseTX"	
"Telefonica International Wholesale Services"	"peering@wholesale.telefonica.com"	"edge-tel-005"	"12956"	"ISP"	"195.69.144.177"	"2001:7f8:1::a501:2956:1"	""	""	no	"TeleCity 2"	"1000baseSX"	
"Telefonica International Wholesale Services"	"peering@wholesale.telefonica.com"	"edge-tel-006"	"12956"	"ISP"	"195.69.144.208"	""	""	""	no	"TeleCity 2"	"1000baseSX"	
"Teleglobe Netherlands BV (IPv6)"	"peering-admin@teleglobe.net"	"edge-sar-001"	"6453"	"ISP"	""	"2001:7f8:1::a500:6453:1"	""	""	no	"SARA"	"100baseTX"	
"Teleglobe Netherlands BV"	"peering-admin@teleglobe.net"	"pxc-sar-111"	"6453"	"ISP"	"195.69.145.167"	""	""	""	no	"SARA"	"10000baseLR"	
"Telegraaf Media ICT BV"	"peering@telegraaf.net"	"pxc-sar-111"	"34106"	"ISP"	"195.69.144.156"	""	""	""	yes	"SARA"	"10000baseLR"	
"Telegraaf Media ICT BV"	"peering@telegraaf.net"	"pxc-tel-106"	"34106"	"ISP"	"195.69.145.156"	""	""	""	yes	"TeleCity 2"	"10000baseLR"	
"Telekom Austria"	"peering@aon.at"	"withheld"	"private"	"GRX"	""	""	""	""	no	"SARA"	"100baseTX"	
"Telekom Austria"	"peering@aon.at"	"withheld"	"private"	"GRX"	""	""	""	""	no	"SARA"	"1000baseLX"	
"Telekom Austria"	"peering@aon.at"	"withheld"	"private"	"GRX"	""	""	""	""	no	"TeleCity 2"	"1000baseLX"	
"Telekom Austria"	"peering@aon.at"	"pxc-sar-111"	"8447"	"ISP"	"195.69.145.207"	""	""	""	yes	"SARA"	"10000baseLR"	
"Telenor Global Services AS"	"grx-team@telenor.com"	"withheld"	"private"	"GRX"	""	""	""	""	no	"NIKHEF"	"100baseTX"	
"Telenor Global Services AS"	"grx-team@telenor.com"	"withheld"	"private"	"GRX"	""	""	""	""	no	"SARA"	"100baseTX"	
"Telenor Telecom Solutions"	"peering@telenor.net"	"pxc-sar-102"	"2119"	"ISP"	"195.69.145.192"	""	""	""	no	"SARA"	"20000baseLR"	
"Telewest Broadband"	"peering@telewest.net"	"edge-sar-001"	"5462"	"ISP"	"195.69.144.83"	""	""	""	no	"SARA"	"2000baseSX"	
"Telfort"	"martijn.minnen@telfort.nl"	"edge-sar-001"	"64584"	"MDX"	""	""	""	"195.69.146.135"	no	"SARA"	"10baseT"	
"Telfort"	"martijn.minnen@telfort.nl"	"edge-tel-005"	"64584"	"MDX"	""	""	""	"195.69.146.136"	no	"TeleCity 2"	"10baseT"	
"TeliaSonera Denmark"	"ncc@telia.dk"	"edge-sar-001"	"3308"	"ISP"	"195.69.145.149"	""	""	""	no	"SARA"	"1000baseSX"	
"TeliaSonera International Carrier"	"carrier-csc@teliasonera.com"	"withheld"	"private"	"GRX"	""	""	""	""	no	"NIKHEF"	"100baseTX"	
"TeliaSonera International Carrier"	"carrier-csc@teliasonera.com"	"edge-nik-003"	"1299"	"ISP"	"195.69.144.46"	""	""	""	no	"NIKHEF"	"1000baseSX"	
"TeliaSonera International Carrier"	"carrier-csc@teliasonera.com"	"withheld"	"private"	"GRX"	""	""	""	""	no	"TeleCity 2"	"100baseTX"	
"TeliaSonera International Carrier"	"carrier-csc@teliasonera.com"	"edge-tel-005"	"1299"	"ISP"	"195.69.144.225"	""	""	""	no	"TeleCity 2"	"1000baseSX"	
"Terremark"	"peering@terremark.com"	"pxc-glo-107"	"23148"	"ISP"	"195.69.145.48"	""	""	""	no	"Global Switch"	"10000baseLR"	
"The Network Factory BV"	"peering@tnf.nl"	"edge-sar-002"	"33915"	"ISP"	"195.69.145.143"	""	""	""	yes	"SARA"	"1000baseSX"	
"Thus PLC"	"peering@demon.net"	"edge-sar-001"	"2529"	"ISP"	"195.69.144.131"	""	""	""	no	"SARA"	"1000baseLX"	
"TIML Radio Limited"	"peering@timlradio.co.uk"	"edge-sar-002"	"34763"	"ISP"	"195.69.145.105"	"2001:7f8:1::a503:4763:1"	""	""	yes	"SARA"	"100baseTX"	
"Tiscali"	"peering@ip.tiscali.net"	"pxc-tel-110"	"3257"	"ISP"	"195.69.144.85"	"2001:7f8:1::a500:3257:1"	""	""	no	"TeleCity 2"	"10000baseLR"	
"Titan Networks GmbH"	"peering@titan-networks.de"	"edge-tel-005"	"20640"	"ISP"	"195.69.144.221"	"2001:7f8:1::a502:640:1"	""	""	no	"TeleCity 2"	"100baseTX"	
"TM Net Sdn. Bhd."	"peering@tm.net.my"	"edge-nik-003"	"4788"	"ISP"	"195.69.145.91"	"2001:7f8:1::a500:4788:1"	""	""	no	"NIKHEF"	"1000baseSX"	
"TNG - The Net Generation AG"	"peering@tng.de"	"edge-sar-001"	"13101"	"ISP"	"195.69.145.119"	""	""	""	yes	"SARA"	"1000baseLX"	
"Transip B.V."	"peering@transip.nl"	"pxc-glo-109"	"20857"	"ISP"	"195.69.144.244"	"2001:7f8:1::a502:857:1"	""	""	no	"Global Switch"	"10000baseLR"	
"TransQuality C.V."	"peering@transquality.nl"	"edge-sar-001"	"44259"	"ISP"	"195.69.145.51"	""	""	""	no	"SARA"	"1000baseSX"	
"True B.V."	"peering@true.nl"	"pxc-eun-113"	"15703"	"ISP"	"195.69.144.171"	""	""	""	no	"euNetworks"	"20000baseLR"	
"True B.V."	"peering@true.nl"	"pxc-nik-104"	"15703"	"ISP"	"195.69.144.163"	""	""	""	no	"NIKHEF"	"10000baseER"	
"Turk TElekom A.S."	"peering@turktelekom.com.tr"	"pxc-nik-108"	"9121"	"ISP"	"195.69.144.241"	""	""	""	yes	"NIKHEF"	"10000baseLR"	
"Turk TElekom A.S."	"peering@turktelekom.com.tr"	"pxc-nik-112"	"9121"	"ISP"	"195.69.145.241"	""	""	""	no	"NIKHEF"	"10000baseLR"	
"UNET BV"	"peering@unet.nl"	"edge-sar-002"	"29396"	"ISP"	"195.69.145.166"	"2001:7f8:1::a502:9396:1"	""	""	yes	"SARA"	"1000baseSX"	
"Unilogic Networks B.V."	"peering@unilogicnetworks.net"	"edge-tel-006"	"28788"	"ISP"	"195.69.144.237"	"2001:7f8:1::a502:8788:1"	""	""	yes	"TeleCity 2"	"1000baseSX"	
"UPC Broadband Operations (IPv6)"	"peering@aorta.net"	"edge-nik-003"	"6830"	"ISP"	""	"2001:7f8:1::a500:6830:1"	""	""	no	"NIKHEF"	"100baseTX"	
"UPC Broadband Operations"	"peering@aorta.net"	"pxc-nik-116"	"6830"	"ISP"	"195.69.144.106"	""	""	""	no	"NIKHEF"	"20000baseLR"	
"UPC Broadband Operations"	"peering@aorta.net"	"pxc-tel-119"	"6830"	"ISP"	"195.69.144.174"	""	""	""	no	"TeleCity 2"	"20000baseLR"	
"VeriSign"	"peering@verisign.com"	"pxc-tel-119"	"36623"	"ISP"	"195.69.145.232"	""	""	""	yes	"TeleCity 2"	"10000baseLR"	
"Verizon Business"	"peering@verizonbusiness.com"	"edge-nik-003"	"702"	"ISP"	"195.69.144.98"	""	""	""	no	"NIKHEF"	"1000baseSX"	
"Verizon Business (IPv6)"	"peering@verizonbusiness.com"	"edge-nik-003"	"12702"	"ISP"	""	"2001:7f8:1::a501:2702:1"	""	""	no	"NIKHEF"	"10baseT"	
"Verizon Business"	"peering@verizonbusiness.com"	"pxc-sar-102"	"702"	"ISP"	"195.69.144.77"	""	""	""	no	"SARA"	"10000baseER"	
"Versatel AG"	"peering@versatel.de"	"pxc-tel-115"	"8881"	"ISP"	"195.69.145.109"	"2001:7f8:1::a500:8881:1"	""	""	yes	"TeleCity 2"	"10000baseLR"	
"Vialtus Solutions"	"peering@as5413.net"	"pxc-nik-104"	"5413"	"ISP"	"195.69.144.95"	"2001:7f8:1::a500:5413:1"	""	""	no	"NIKHEF"	"10000baseLR"	
"Viatel Global Communications B.V."	"ipengineering@viatel.com"	"edge-nik-003"	"8190"	"ISP"	"195.69.144.242"	""	""	""	no	"NIKHEF"	"100baseTX"	
"Virtu Secure Webservices BV"	"peering@as16243.net"	"edge-nik-003"	"16243"	"ISP"	"195.69.145.222"	"2001:7f8:1::a501:6243:1"	""	""	yes	"NIKHEF"	"1000baseSX"	
"Virtu Secure Webservices BV"	"peering@as16243.net"	"edge-tel-006"	"16243"	"ISP"	"195.69.144.245"	"2001:7f8:1::a501:6243:2"	""	""	yes	"TeleCity 2"	"1000baseSX"	
"Virtual Access Internet BV"	"peering@virtualxs.com"	"edge-glo-007"	"15535"	"ISP"	"195.69.145.127"	""	""	""	yes	"Global Switch"	"2000baseSX"	
"Vodafone"	"mark.vanderlaan@vodafone.com"	"edge-sar-001"	"15480"	"MDX"	""	""	""	"195.69.146.133"	no	"SARA"	"10baseT"	
"Vodafone"	"mark.vanderlaan@vodafone.com"	"edge-sar-002"	"15480"	"ISP"	"195.69.144.158"	""	""	""	no	"SARA"	"10baseT"	
"Vodafone"	"mark.vanderlaan@vodafone.com"	"edge-tel-005"	"15480"	"MDX"	""	""	""	"195.69.146.134"	no	"TeleCity 2"	"10baseT"	
"Vodafone Group Services GmbH"	"peering@vodafone.com"	"edge-tel-006"	"34419"	"ISP"	"195.69.145.83"	"2001:7f8:1::a503:4419:1"	""	""	yes	"TeleCity 2"	"1000baseSX"	
"Voipro Nederland B.V."	"peering@voipro.nl"	"edge-tel-005"	"43437"	"ISP"	"195.69.144.206"	""	""	""	yes	"TeleCity 2"	"100baseTX"	
"Voxel dot Net Inc"	"peering@voxel.net"	"pxc-glo-109"	"29791"	"ISP"	"195.69.145.187"	"2001:7f8:1::a502:9791:1"	""	""	yes	"Global Switch"	"10000baseLR"	
"VTX Services SA"	"peering@vtx.ch"	"edge-sar-002"	"12350"	"ISP"	"195.69.145.24"	"2001:7f8:1::a501:2350:1"	""	""	no	"SARA"	"1000baseLX"	
"Waycom"	"peering@waycom.net"	"edge-eun-008"	"30889"	"ISP"	"195.69.144.202"	"2001:7f8:1::a503:889:1"	""	""	yes	"euNetworks"	"1000baseLX"	
"We Dare B.V."	"peering@we-dare.net"	"pxc-sar-102"	"20495"	"ISP"	"195.69.144.107"	"2001:7f8:1::a502:495:1"	""	""	yes	"SARA"	"10000baseLR"	
"WideXS - ion-ip"	"peering@widexs.nl"	"edge-nik-003"	"12573"	"ISP"	"195.69.144.118"	"2001:7f8:1::a501:2573:1"	""	""	yes	"NIKHEF"	"1000baseSX"	
"WideXS - ion-ip (ION-IP)"	"peering@widexs.nl"	"edge-tel-005"	"12573"	"ISP"	"195.69.145.118"	"2001:7f8:1::a501:2573:2"	""	""	yes	"TeleCity 2"	"1000baseSX"	
"Wikimedia Foundation Inc."	"peering@wikimedia.org"	"edge-sar-002"	"43821"	"ISP"	"195.69.145.176"	"2001:7f8:1::a504:3821:1"	""	""	yes	"SARA"	"2000baseLX"	
"WIND TELECOMUNICAZIONI S.P.A."	"paolo.antinucci@mail.wind.it"	"edge-sar-002"	"1267"	"ISP"	"195.69.145.236"	""	""	""	no	"SARA"	"1000baseLX"	
"WIND TELECOMUNICAZIONI S.P.A."	"paolo.antinucci@mail.wind.it"	"pxc-sar-102"	"1267"	"ISP"	"195.69.145.236"	""	""	""	no	"SARA"	"10000baseLR"	
"WV Fiber"	"peering@wvfiber.com"	"pxc-tel-106"	"19151"	"ISP"	"195.69.145.58"	"2001:7f8:1::a501:9151:1"	""	""	yes	"TeleCity 2"	"10000baseER"	
"XB Networks"	"peering@xbn.nl"	"edge-nik-003"	"8608"	"ISP"	"195.69.145.90"	""	""	""	yes	"NIKHEF"	"1000baseSX"	
"XB Networks"	"peering@xbn.nl"	"edge-nik-004"	"8608"	"ISP"	"195.69.144.90"	""	""	""	no	"NIKHEF"	"1000baseSX"	
"Xentech BV"	"peering@xentech.net"	"pxc-sar-114"	"41420"	"ISP"	"195.69.145.117"	""	""	""	yes	"SARA"	"10000baseER"	
"XO International"	"peering-impl@eng.xo.com"	"edge-sar-001"	"2828"	"ISP"	"195.69.145.200"	"2001:7f8:1::a500:2828:1"	""	""	no	"SARA"	"1000baseLX"	
"XO International"	"peering-impl@eng.xo.com"	"edge-sar-001"	"2828"	"ISP"	"195.69.145.200"	"2001:7f8:1::a500:2828:1"	""	""	no	"SARA"	"2000baseLX"	
"XS News BV"	"peering@xsnews.com"	"pxc-eun-113"	"48345"	"ISP"	"195.69.144.229"	"2001:7f8:1::a504:8345:1"	""	""	yes	"euNetworks"	"10000baseLR"	
"XS News BV"	"peering@xsnews.com"	"pxc-nik-112"	"48345"	"ISP"	"195.69.145.229"	"2001:7f8:1::a504:8345:2"	""	""	yes	"NIKHEF"	"20000baseLR"	
"XS4ALL Internet"	"peering@xs4all.nl"	"pxc-sar-101"	"3265"	"ISP"	"195.69.144.48"	"2001:7f8:1::a500:3265:1"	""	""	no	"SARA"	"10000baseLR"	
"XS4ALL Internet"	"peering@xs4all.nl"	"pxc-sar-111"	"3265"	""	""	""	""	""	no	"SARA"	"10000baseLR"	
"XS4ALL Internet"	"peering@xs4all.nl"	"pxc-tel-105"	"3265"	"ISP, MC"	"195.69.144.166"	"2001:7f8:1::a500:3265:2"	"195.69.146.16"	""	no	"TeleCity 2"	"10000baseLR"	
"XS4ALL Internet"	"peering@xs4all.nl"	"pxc-tel-110"	"3265"	""	""	""	""	""	no	"TeleCity 2"	"10000baseLR"	
"YACAST Media"	"peering@yacast.net"	"edge-tel-006"	"24963"	"ISP"	"195.69.145.93"	"2001:7f8:1::a502:4963:1"	""	""	yes	"TeleCity 2"	"1000baseSX"	
"Yahoo! UK Ltd"	"peering@yahoo-inc.com"	"pxc-sar-102"	"10310"	"ISP"	"195.69.145.110"	""	""	""	yes	"SARA"	"10000baseLR"	
"Your.Org, Inc."	"kevin@your.org"	"edge-sar-001"	"26943"	"ISP"	"195.69.145.49"	"2001:7f8:1::a502:6943:1"	""	""	yes	"SARA"	"1000baseLHA"	
"ZeelandNet BV"	"peering@zeelandnet.nl"	"edge-tel-005"	"15542"	"ISP"	"195.69.145.43"	""	""	""	no	"TeleCity 2"	"2000baseSX"	
"ZeelandNet BV"	"peering@zeelandnet.nl"	"pxc-sar-114"	"15542"	"ISP"	"195.69.145.125"	""	""	""	no	"SARA"	"10000baseLR"	
"ZeelandNet BV"	"peering@zeelandnet.nl"	"pxc-tel-115"	"15542"	"ISP"	"195.69.145.43"	""	""	""	no	"TeleCity 2"	"10000baseLR"	
"Zen Systems ApS"	"noc@zensystems.dk"	"edge-tel-005"	"28717"	"ISP"	"195.69.145.220"	""	""	""	no	"TeleCity 2"	"100baseTX"	
"Ziggo bv"	"peering@as9143.net"	"pxc-nik-116"	"9143"	"ISP"	"195.69.144.181"	""	""	""	no	"NIKHEF"	"60000baseLR"	
"Ziggo bv"	"peering@as9143.net"	"pxc-sar-114"	"9143"	"ISP"	"195.69.144.103"	""	""	""	no	"SARA"	"60000baseLR"	
"Zoranet Connectivity Services B.V."	"peering@zlink.nl"	"edge-nik-004"	"21073"	"ISP"	"195.69.144.187"	""	""	""	no	"NIKHEF"	"1000baseSX"	
